EPCI 2017;libellé;année;patients ayant consommé au moins un remboursement de soins au régime agricole
;;2017;2001
200000172;CC Faucigny-Glières;2017;634
200000438;CC du Pays de Pontchâteau Saint-Gildas-des-Bois;2017;1952
200000545;CC des Portes de Romilly-sur-Seine;2017;606
200000628;CC Rhône Lez Provence;2017;2295
200000800;CC Coeur de Sologne;2017;648
200000925;CC de la Plaine Dijonnaise;2017;789
200000933;CC Sauldre et Sologne;2017;1320
200004802;CC du Pays de Fayence;2017;1253
200005932;CC des Portes de Sologne;2017;674
200005957;CC de la Région de Rambervillers;2017;1114
200006682;CA Beaune, Côte et Sud - Communauté Beaune-Chagny-Nolay;2017;6155
200006716;CC du Nogentais;2017;1156
200006930;CC du Haut-Allier;2017;606
200006971;CC du Perche;2017;1539
200007052;CC de la Marche Berrichonne;2017;1165
200007177;CC Pays de Nérondes;2017;580
200010650;CA du Grand Dole;2017;1596
200010700;CA Caux Vallée de Seine;2017;3132
200011773;CA Annemasse-les Voirons;2017;1188
200011781;CC Portes du Berry entre Loire et Val d'Aubois;2017;600
200012060;CC Petite Montagne;2017;681
200013050;CC Sauer-Pechelbronn;2017;555
200015162;CC de l'Oriente;2017;1446
200016905;CC du Pays de Lamastre;2017;1104
200017341;CC Lodévois et Larzac;2017;1137
200017846;CA Étampois Sud-Essonne;2017;1974
200018083;CC de Desvres-Samer;2017;2005
200018166;CC Le Grésivaudan;2017;2601
200018406;CC du Romorantinais et du Monestois;2017;2175
200018521;CC du Val de Bouzanne;2017;858
200022986;CC du Grand Pic Saint-Loup;2017;2307
200023075;CC du Pays de Maîche;2017;1681
200023125;CC Les Portes Briardes entre Villes et Forêts;2017;489
200023240;CC Pays de Nemours;2017;790
200023299;CC Coeur de Tarentaise;2017;282
200023307;CA du Grand Villeneuvois;2017;6257
200023372;CC de la Vallée de Chamonix-Mont-Blanc;2017;186
200023414;Métropole Rouen Normandie;2017;6354
200023620;CC de la Gascogne Toulousaine;2017;1295
200023737;CA du Grand Cahors;2017;2943
200023778;CC du Pays de Saint Gilles-Croix-de-Vie;2017;2562
200023794;CC de Blaye;2017;2838
200023919;CC Gâtinais Val de Loing;2017;994
200026573;CC Haut-Jura Saint-Claude;2017;459
200027027;CC Arc Sud Bretagne;2017;3177
200027076;CC Arnon Boischaut Cher;2017;720
200027100;CC Méditerranée Porte des Maures;2017;2818
200027183;CU Perpignan Méditerranée Métropole;2017;18404
200027217;CC Sarlat-Périgord Noir;2017;1219
200027308;CC d'Auberive Vingeanne et Montsaugeonnais;2017;1362
200029734;CC des 4B Sud Charente;2017;4281
200029999;CC Rives de l'Ain - Pays du Cerdon;2017;774
200030195;Métropole Nice Côte d'Azur;2017;10325
200030385;CA de Blois Agglopolys;2017;6397
200030435;CC d'Aire-sur-l'Adour;2017;2499
200030526;CC du Ried de Marckolsheim;2017;1081
200030633;CC du Caudrésis et du Catésis;2017;2812
200030658;CC du Trièves;2017;944
200030674;CA Val de Garonne;2017;9030
200032514;CC Berry-Loire-Vauvise;2017;688
200033025;CA de Bar-le-Duc - Sud Meuse;2017;1310
200033090;CC Plaines et Monts de France;2017;543
200033116;CC Cluses-Arve et Montagnes;2017;538
200033173;CC de la Haute Vallée de Chevreuse;2017;496
200033181;CA Chartres Métropole;2017;4746
200033207;CC Vierzon-Sologne-Berry;2017;1118
200033298;CC des Coëvrons;2017;4522
200033579;CU d'Arras;2017;4680
200033827;CC de Fium'orbu Castellu;2017;1235
200033868;CC des Ballons des Hautes-Vosges;2017;570
200034023;CC Tarn-Agout;2017;1826
200034031;CC des Monts d'Alban et du Villefranchois;2017;1634
200034049;CC Centre Tarn;2017;1880
200034056;CC du Lautrécois et du Pays d'Agout;2017;2022
200034064;CC du Cordais et du Causse (4 C);2017;773
200034098;CC des Montagnes du Giffre;2017;514
200034130;CC Gally Mauldre;2017;621
200034197;CC de Montaigne Montravel et Gurson;2017;2567
200034205;CC de la Costa Verde;2017;919
200034270;CC du Pays de Barr;2017;2204
200034379;CC Pays d'Uzès;2017;2505
200034411;CC du Piémont Cévenol;2017;2271
200034601;CC Causses Aigoual Cévennes;2017;741
200034635;CC du Kochersberg;2017;1605
200034692;CA du Gard Rhodanien;2017;6651
200034700;CA Durance-Lubéron-Verdon;2017;4030
200034718;CC de Vitry, Champagne et Der;2017;2045
200034726;CC Bastides de Lomagne;2017;1851
200034825;CA du Grand Guéret;2017;2266
200034833;CC des Bastides Dordogne-Périgord;2017;2486
200034874;CC Côtes de Meuse Woëvre;2017;992
200034882;CC Pays du Mont-Blanc;2017;1494
200034957;CC du Frontonnais;2017;1258
200035087;CA Terre de Provence;2017;7962
200035103;CC de la Vallée de la Haute-Sarthe;2017;1265
200035111;CC des Sources de l'Orne;2017;1768
200035129;CC de Cèze Cévennes;2017;1126
200035137;CC Marche Occitane - Val d'Anglin;2017;1115
200035202;CC Charlieu-Belmont;2017;1400
200035319;CA Var Esterel Méditerranée (Cavem);2017;3625
200035327;CC Cazals-Salviac;2017;805
200035442;CC du Sud-Artois;2017;4452
200035459;CA d'Agen;2017;6381
200035533;CC du Grand Saint-Emilonnais;2017;4861
200035541;CC des Landes d'Armagnac;2017;2522
200035632;CC Armagnac Adour;2017;1971
200035665;CA Seine Eure;2017;1484
200035707;CC Piège Lauragais Malepère;2017;2498
200035715;CA Carcassonne;2017;10354
200035723;CC Ventoux Sud;2017;1394
200035731;CA Roannais;2017;3834
200035756;CC Astarac Arros en Gascogne;2017;1635
200035764;CC de la Beauce Loirétaine;2017;1614
200035772;CC du Pays du Saintois;2017;1120
200035814;CA Flers;2017;3830
200035848;CC du Châtillonnais en Berry;2017;943
200035855;CC Castelnaudary Lauragais Audois;2017;3060
200035863;CC Région Lézignanaise, Corbières et Minervois;2017;4771
200035970;CC Vexin Centre;2017;720
200036069;CC du Bassin de Mortagne-au-Perche;2017;1833
200036077;CC du Golfe de Saint-Tropez;2017;3540
200036135;CC Coeur de France;2017;1048
200036150;CC des Hauts du Val de Saône;2017;1478
200036465;CC de Thann-Cernay;2017;823
200036473;CA de Saintes;2017;5912
200036499;CC de Marana-Golo;2017;1077
200036523;CC des Bastides en Haut-Agenais Périgord;2017;4020
200036549;CC Val de Gray;2017;1752
200036572;CC Porte d'Aquitaine en Pays de Serres;2017;792
200037059;CC de la Haute Somme;2017;3268
200037133;CC du Provinois;2017;1883
200038958;CC de la Pieve de l'Ornano;2017;830
200038990;CC de Saint-Méen Montauban;2017;3713
200039022;CA Vitré Communauté;2017;9137
200039055;CC Ouche et Montagne;2017;474
200039063;CC Forêts, Seine et Suzon;2017;572
200039204;CC de Lacq-Orthez;2017;4697
200039519;CC du Quercy Blanc;2017;1752
200039642;CC Le Tonnerrois en Bourgogne;2017;1907
200039709;CC du Serein;2017;946
200039758;CC Avallon, Vézelay, Morvan;2017;1364
200039808;CC des Gorges de l'Ardèche;2017;1371
200039824;CC Ardèche des Sources et Volcans;2017;442
200039832;CC Pays des Vans en Cévennes;2017;891
200039857;CA du Pays de Grasse;2017;3586
200039865;CA Metz Métropole;2017;2666
200039907;CC du Sud Messin;2017;955
200039915;CA Cannes Pays de Lérins;2017;2806
200039931;CC Alpes d'Azur;2017;479
200039949;CC Rives de Moselle;2017;468
200040038;CC Saône Doubs Bresse;2017;1229
200040095;CC Isle Vern Salembre en Périgord;2017;1017
200040111;CC Coeur de Chartreuse;2017;883
200040137;CC des Lacs de Champagne;2017;1406
200040178;CC de l'Outre-Forêt;2017;643
200040202;CC Provence Verdon;2017;1507
200040210;CC Lacs et Gorges du Verdon;2017;752
200040244;CA du Bocage Bressuirais;2017;11855
200040251;CC Bassée-Montois;2017;1152
200040277;CA du Pays de Dreux;2017;3699
200040293;CC du Clunisois;2017;1390
200040350;CC Bugey Sud;2017;1707
200040384;CC Isle Double Landais;2017;1148
200040392;CA Le Grand Périgueux;2017;6038
200040400;CC du Pays Ribéracois;2017;2376
200040418;CC du Pays de Serres en Quercy;2017;2402
200040426;CC du Val de l'Oise;2017;1772
200040442;CA Luberon Monts de Vaucluse;2017;6310
200040459;CA Montélimar;2017;3511
200040475;CC Loué - Brûlon - Noyen;2017;2593
200040491;CC Porte de Drômardèche;2017;4034
200040509;CC du Crestois et de Pays de Saillans Coeur de Drôme;2017;1437
200040558;CC Écueillé-Valençay;2017;1802
200040566;CA de l'Ouest Rhodanien;2017;2781
200040574;CC Beaujolais Pierres Dorées;2017;2742
200040590;CA Villefranche Beaujolais Saône;2017;3088
200040624;CC Pays d'Apt-Luberon;2017;2754
200040657;CC de la Matheysine;2017;822
200040681;CC Enclave des Papes-Pays de Grignan;2017;3100
200040715;Grenoble-Alpes-Métropole;2017;4426
200040764;CC du Sud Corse;2017;1304
200040772;CC du Perche et Haut Vendômois;2017;1164
200040798;CC Val Vanoise Tarentaise;2017;304
200040814;CC Briance Sud Haute Vienne;2017;1301
200040830;CC du Pays de Fénelon;2017;1412
200040889;CC de Portes Sud Périgord;2017;1510
200040905;CC Carmausin-Ségala;2017;2713
200040947;CC de Flandre Intérieure;2017;6797
200040954;CC des Hauts de Flandre;2017;3758
200041010;CC Coeur de Savoie;2017;2357
200041051;CC Vallée de la Dordogne et Forêt Bessède;2017;1046
200041150;CC du Terrassonnais en Périgord Noir Thenon Hautefort;2017;2187
200041168;CC de la Vallée de l'Homme;2017;1757
200041283;CC de la Plaine du Rhin;2017;531
200041317;CA du Niortais;2017;7184
200041325;CC du Pays Rhénan;2017;741
200041333;CC de Parthenay-Gâtine;2017;6433
200041366;CC Rhône Crussol;2017;1764
200041416;CC Airvaudais-Val du Thouet;2017;1346
200041440;CC de Domme - Villefranche du Périgord;2017;1475
200041465;CC Val Eyrieux;2017;1067
200041499;CC Aunis Atlantique;2017;2081
200041515;CC du Bassin de Pont-à-Mousson;2017;824
200041523;CC de la Haute-Saintonge;2017;13199
200041556;CC Portes de la Creuse en Marche;2017;1225
200041572;CC Dronne et Belle;2017;1285
200041614;CC Aunis Sud;2017;2683
200041622;CC Ardennes Thiérache;2017;1374
200041630;CA Ardenne Métropole;2017;2674
200041689;CC Vals de Saintonge;2017;8896
200041721;CC de la Haute Comté;2017;1260
200041762;CA Rochefort Océan;2017;2684
200041853;CC du Pays de Montbozon et du Chanois;2017;725
200041861;CC du Triangle Vert;2017;1053
200041879;CC Terres de Saône;2017;1075
200041887;CC du Val Marnaysien;2017;987
200041960;CC Pévèle-Carembault;2017;4530
200041994;CC Haut Val de Sèvre;2017;3541
200042000;CC Bruyères-Vallons des Vosges;2017;1098
200042174;CA Lorient;2017;7898
200042182;CC du Mont des Avaloirs;2017;2851
200042190;CA de la Porte du Hainaut;2017;3182
200042372;CC des Coteaux Arrats Gimone;2017;1711
200042414;CC Bresse Revermont 71;2017;1274
200042463;CC de la Montagne Noire;2017;597
200042497;CC Dombes Saône Vallée;2017;1344
200042604;CC de Granville, Terre et Mer;2017;2779
200042620;CC de Suippe et Vesle;2017;1366
200042646;CC Grand Orb en Languedoc;2017;1172
200042653;CC Sud-Hérault;2017;2812
200042703;CC de l'Argonne Champenoise;2017;2089
200042729;CC de la Baie du Cotentin;2017;3277
200042901;CC Drôme Sud Provence;2017;3201
200042935;CC Haut - Bugey;2017;1437
200042943;CC du Cap Corse;2017;266
200042992;CC Perthois-Bocage et Der;2017;663
200043016;CC Val de Charente;2017;1849
200043065;CC du Val d'Amboise;2017;1706
200043081;CC Chinon, Vienne et Loire;2017;1950
200043123;CC Auray Quiberon Terre Atlantique;2017;5644
200043156;CC du Pays Rethélois;2017;4189
200043172;CA du Bassin de Brive;2017;6250
200043263;CC Coeur de l'Avesnois;2017;2887
200043321;CC du Pays de Mormal;2017;2780
200043354;CC de Villedieu Intercom;2017;2637
200043396;CA Maubeuge Val de Sambre;2017;1960
200043404;CC du Sud Avesnois;2017;888
200043438;CC de la Moivre à la Coole;2017;1408
200043495;CA du Pays de Laon;2017;1962
200043602;CC des Albères et de la Côte Vermeille;2017;4586
200043628;CC des Vallées du Clain;2017;1616
200043693;CC Terre Lorraine du Longuyonnais;2017;625
200043776;CC Pyrénées Audoises;2017;1348
200043974;CC du Sud Gironde;2017;4652
200043982;CC du Bazadais;2017;2274
200043990;CC Vallons de Haute-Bretagne Communauté;2017;3347
200044014;CC Creuse Grand Sud;2017;1478
200044030;CC des Sept Vallées;2017;3417
200044048;CC Osartis Marquion;2017;2790
200044253;CC du Bassin de Joinville en Champagne;2017;1211
200044394;CC du Réolais en Sud Gironde;2017;3982
200044469;CC du Pays de Mirepoix;2017;955
200044618;CA du Douaisis (C.A.D.);2017;2571
200046977;Métropole de LYON;2017;13257
200048551;CC du Pays de Craon;2017;5739
200049187;CA du Grand Verdun;2017;1433
200049211;CC Conflent-Canigó;2017;2619
200049484;CC Berry Grand Sud;2017;2139
200054781;Métropole du Grand Paris;2017;32768
200054807;Métropole d'Aix-Marseille-Provence;2017;29590
200055481;CC Beauce Val de Loire;2017;2317
200055655;CA Roissy Pays de France;2017;2419
200055887;CC Mayenne Communauté;2017;4680
200056232;CA Communauté Paris-Saclay;2017;3044
200056380;CA Plaine Vallée;2017;1507
200057859;CA Coeur d'Essonne;2017;2013
200057958;CA Paris - Vallée de la Marne;2017;1535
200058360;CC Entre Beauce et Perche;2017;1468
200058477;CA Val d'Yerres Val de Seine;2017;1484
200058485;CA Val Parisis;2017;2324
200058519;CA Saint-Germain Boucles de Seine;2017;3452
200058782;CA de Saint-Quentin-en-Yvelines;2017;2746
200059228;CA Grand Paris Sud Seine Essonne Sénart;2017;2409
200059392;CC Bièvre Isère;2017;3894
200059400;CC Porte Océane du Limousin;2017;1357
200059889;CU Grand Paris Seine et Oise;2017;4610
200060010;CA Mauges Communauté;2017;15867
200065563;CC Normandie-Cabourg-Pays d'Auge;2017;1284
200065589;CC Val Ès Dunes;2017;872
200065597;CU Caen la Mer;2017;6236
200065647;CA Pays de Montbéliard;2017;1890
200065787;CC de Pont-Audemer - Val de Risle;2017;1132
200065886;CA Loire Forez;2017;6799
200065894;CC de Forez-Est;2017;4812
200065928;CA Lannion-Trégor Communauté;2017;9554
200066009;CA Mulhouse Alsace;2017;3162
200066017;CC Lieuvin Pays d'Auge;2017;1794
200066025;CC Pays Rhin - Brisach;2017;1447
200066033;CC Porte d'Alsace - Largue;2017;1155
200066041;CC d'Altkirch et Environs;2017;2121
200066058;CA Saint-Louis;2017;1707
200066108;CC Haute Saulx et Perthois-Val d'Ornois;2017;1320
200066116;CC Argonne-Meuse;2017;1154
200066124;CA du Rabastinois - Tarn et Dadou - Vère Grésigne et Pays Salvagnacois;2017;8421
200066132;CC du Pays de Stenay et du Val Dunois;2017;1155
200066140;CC Entre Aire et Meuse - Triaucourt-Vaubécourt;2017;1288
200066157;CC de Commercy - Void - Vaucouleurs;2017;1625
200066165;CC Val de Meuse - Voie Sacrée;2017;759
200066173;CC de Damvillers Spincourt;2017;1040
200066223;CC Arize Lèze;2017;1463
200066231;CC des Portes d'Ariège Pyrénées;2017;2399
200066280;CC du Pithiverais;2017;2243
200066322;CC Terres des Confluences;2017;6493
200066330;CC Terres du Haut-Berry;2017;2570
200066348;CC Minervois Saint-Ponais Orb-Jaur;2017;2658
200066355;CA du Bassin de Thau;2017;4579
200066363;CC de la Haute Ariège;2017;371
200066371;CC Causses et Vallée de la Dordogne;2017;5655
200066389;CA Saint-Lô;2017;10440
200066405;CC Roumois Seine;2017;2266
200066413;CC Intercom Bernay Terres de Normandie;2017;3984
200066462;CC Interco Normandie Sud Eure;2017;3101
200066512;CC Élan Limousin Avenir Nature;2017;1867
200066520;CC Ouest Limousin;2017;1321
200066553;CC des Monts de Lacaune et de la Montagne du Haut Languedoc;2017;1391
200066561;CC Sidobre Val d'Agout-Vals et Plateaux des Monts de Lacaune;2017;1581
200066587;CC des Monts du Lyonnais;2017;3550
200066603;CC du Pays de Lubersac-Pompadour;2017;1647
200066637;CC Hautes Terres;2017;3062
200066645;CC Vézère-Monédières-Millesources;2017;849
200066652;CC Grand Sud Tarn et Garonne;2017;3854
200066660;CC des Pays de Caldaguès-Aubrac, Pierrefort-Neuvéglise, Planèze, Saint-Flour Margeride;2017;5329
200066678;CC de la Châtaigneraie Cantalienne;2017;5200
200066710;CC Cingal-Suisse Normande;2017;1740
200066728;CC Vallées de l'Orne et de l'Odon;2017;1118
200066744;CC Haute-Corrèze Communauté;2017;3996
200066751;CC Xaintrie Val'dordogne;2017;1891
200066769;CC Midi Corrézien;2017;1878
200066777;CC de Ploërmel Communauté;2017;6692
200066785;CC de l'Oust à Brocéliande Communauté;2017;4810
200066793;CA du Grand Annecy;2017;5329
200066801;CC Isigny-Omaha Intercom;2017;4123
200066819;CC du Volvestre;2017;1656
200066827;CC du Pays de Honfleur-Beuzeville;2017;1406
200066835;CC de Sézanne-Sud-Ouest Marnais;2017;3532
200066850;CC des Paysages de la Champagne;2017;7598
200066868;CC Presqu'île de Crozon-Aulne Maritime;2017;1441
200066876;CA de Châlons-en-Champagne;2017;4524
200066884;CC Quercy Vert-Aveyron;2017;2440
200066892;CC de Vendeuvre-Soulaines;2017;1316
200066918;CA Alès;2017;5655
200066926;CA Grand Auch Coeur de Gascogne;2017;3945
200066975;CC Senlis Sud Oise;2017;733
200067023;CC Coutances Mer et Bocage;2017;6274
200067031;CC Côte Ouest Centre Manche;2017;3939
200067049;CC de l'Ouest Corse;2017;687
200067064;CC Decazeville Communauté;2017;1034
200067072;CC Haut-Léon Communauté;2017;6224
200067080;CC Chablis, Villages et Terroirs;2017;3295
200067106;CA du Pays Basque;2017;18205
200067114;CA de l'Auxerrois;2017;4091
200067122;CC Coteaux et Plaines du Pays Lafrançaisain;2017;1843
200067130;CC de Puisaye-Forterre;2017;4236
200067155;CC Saint Affricain, Roquefort, Sept Vallons;2017;1801
200067163;CC Monts, Rance et Rougier;2017;1673
200067171;CC Aubrac et Carladez;2017;3262
200067189;CC Ciate, Bourganeuf - Royère-De-Vassivière;2017;2375
200067197;CC Monts d'Arrée Communauté;2017;1216
200067205;CA du Cotentin;2017;12100
200067213;CU du Grand Reims;2017;21257
200067221;CC Centre Morbihan Communauté;2017;6728
200067239;CC des Luys en Béarn;2017;4270
200067247;CC Pleyben-Châteaulin-Porzay;2017;2954
200067254;CA Pau Béarn Pyrénées;2017;5994
200067262;CC du Pays d'Oloron et des Vallées du Haut-Béarn;2017;2800
200067288;CC du Béarn des Gaves;2017;2867
200067296;CC du Nord Est Béarn;2017;4047
200067304;CC Serein et Armance;2017;1864
200067320;CC Serre-Ponçon Val d'Avance;2017;760
200067346;CA Pornic Agglo Pays de Retz;2017;3355
200067361;CC Grand-Figeac;2017;5046
200067379;CC Côtes de Champagne et Val de Saulx;2017;1457
200067429;CC Haut Nivernais-Val d'Yonne;2017;853
200067437;CA Provence-Alpes;2017;2802
200067445;CC Buëch-Dévoluy;2017;854
200067452;CC du Guillestrois et du Queyras;2017;521
200067460;CC Loudéac Communauté - Bretagne Centre;2017;11209
200067478;CC Comtal Lot et Truyère;2017;3294
200067486;CC Bouzonvillois-Trois Frontières;2017;878
200067502;CC Saint-Avold Centre Mosellan;2017;1056
200067510;CC Pays Dunois, Pays Sostranien, Bénévent - Grand-Bourg;2017;3759
200067544;CC Pays de Boussac, Carrefour des Quatre Provinces, Evaux-Les-Bains - Chambon-sur-Voueize;2017;3188
200067551;CA Thonon;2017;2092
200067593;CC Chénérailles, Auzances - Bellegarde et Haut Pays Marchois;2017;2938
200067627;CC Billom Communauté;2017;1444
200067635;CA Clisson Sèvre et Maine;2017;4098
200067643;CC Meurthe, Mortagne, Moselle;2017;912
200067650;CC Houve-Pays Boulageois;2017;821
200067668;CC de la Cléry, du Betz et de l'Ouanne;2017;1491
200067676;CC Canaux et Forêts en Gâtinais;2017;2329
200067684;CA Épernay, Coteaux et Plaine de Champagne;2017;10934
200067692;CC Tannay-Brinon-Corbigny;2017;1367
200067700;CC Sud Nivernais;2017;1147
200067742;CC Serre-Ponçon;2017;909
200067759;CC Vallées et Plateau d'Ardenne;2017;806
200067767;CC du Royans-Vercors;2017;894
200067783;CC de Hanau-la Petite Pierre;2017;1106
200067791;CA Pays Foix-Varilhes;2017;1767
200067817;CC Saône-Beaujolais;2017;5456
200067825;CA Gap-Tallard-Durance;2017;2780
200067841;CC de l'Alsace Bossue;2017;1322
200067866;CC Sèvre et Loire;2017;4953
200067874;CA de Haguenau;2017;2573
200067882;CC Bazois Loire Morvan;2017;2787
200067890;CC Morvan Sommets et Grands Lacs;2017;1720
200067908;CC Amognes Coeur du Nivernais;2017;1161
200067916;CC Loire, Vignobles et Nohain;2017;2493
200067924;CC du Canton d'Erstein;2017;1910
200067932;CA Golfe du Morbihan - Vannes;2017;11041
200067940;CC Couserans-Pyrénées;2017;3096
200067957;CC Haut Chemin-Pays de Pange;2017;822
200067965;CA de la Région de Compiègne et de la Basse Automne;2017;1614
200067973;CC du Pays de Thelle et Ruraloise;2017;1752
200067981;CA Guingamp-Paimpol Armor-Argoat;2017;10035
200067999;CA du Beauvaisis;2017;3837
200068005;CC de l'Oise Picarde;2017;2765
200068047;CA Creil Sud Oise;2017;1041
200068070;CC Loue-Lison;2017;2376
200068088;CC Loire, Nièvre et Bertranges;2017;1345
200068096;CC Champsaur-Valgaudemar;2017;1219
200068104;CA de la Provence Verte;2017;6269
200068112;CC de Saverne-Marmoutier-Sommerau;2017;1490
200068120;CA Quimper Bretagne Occidentale;2017;5641
200068146;CC Sarrebourg Moselle Sud;2017;2220
200068229;CC des Baronnies en Drôme Provençale;2017;3416
200068278;CC Berry Loire Puisaye;2017;1180
200068294;CC des Deux Vallées Vertes;2017;999
200068369;CC de Mirecourt Dompaire;2017;1783
200068377;CC de la Porte des Vosges Méridionales;2017;1108
200068435;CC Coeur du Perche;2017;1200
200068443;CC Andaine - Passais;2017;2203
200068450;CC Argentan Intercom;2017;3765
200068468;CC des Pays de l'Aigle;2017;2028
200068484;CC des Causses à l'Aubrac;2017;2712
200068500;CA de Cambrai;2017;4304
200068534;CC Terroir de Caux;2017;3928
200068542;CC Les Balcons du Dauphiné;2017;2434
200068559;CC de l'Ouest Vosgien;2017;1918
200068567;CC Les Vals du Dauphiné;2017;2387
200068625;"CC Alpes-Provence-Verdon ""sources de Lumière""";2017;851
200068641;CA Le Muretain;2017;2028
200068658;CA de Chaumont, du Bassin Nogentais et du Bassin de Bologne Vignory Froncles;2017;2520
200068666;CA de Saint-Dizier Der et Blaise;2017;2351
200068674;CA du Lac du Bourget (Grand Lac);2017;2326
200068682;CC Terre d'Eau;2017;2009
200068757;CA d'Épinal;2017;4449
200068765;CC du Sisteronais-Buëch;2017;3457
200068773;CC des Vosges Côté Sud Ouest;2017;1996
200068781;CA Valence Romans;2017;11030
200068799;CC Intercom de la Vire au Noireau;2017;6169
200068807;CC Lèze Ariège;2017;1283
200068815;CC Coeur de Garonne;2017;2072
200068831;CC Pays Ségali;2017;4301
200068856;CC des Hauts du Perche;2017;1003
200068864;CC de la Mossig et du Vignoble;2017;1663
200068872;CC Éguzon - Argenton - Vallée de la Creuse;2017;1217
200068880;CC du Canton de Vatan et de Champagne Berrichonne;2017;1151
200068914;CC La Rochefoucauld - Porte du Périgord;2017;1874
200068922;CC du Confluent et des Coteaux de Prayssas;2017;4560
200068930;CC Fumel Vallée du Lot;2017;2918
200068948;CC Albret Communauté;2017;5648
200068955;CC Anjou Loir et Sarthe;2017;3273
200068963;CC Maine Coeur de Sarthe;2017;1511
200068989;CA Dinan;2017;9497
200068997;CA Arlysère;2017;2450
200069003;CC du Barséquanais en Champagne;2017;5804
200069029;CA des Deux Baies en Montreuillois;2017;2673
200069037;CA du Pays de Saint-Omer;2017;4798
200069052;CA Grand Belfort;2017;1044
200069060;CC des Vosges du Sud;2017;286
200069086;CC Leff Armor Communauté;2017;4273
200069094;CC Isle et Crempse-en-Périgord;2017;1451
200069102;CC Randon - Margeride;2017;1365
200069110;CA Chambéry Métropole-Coeur des Bauges;2017;3688
200069128;CC Mont Lozère;2017;928
200069136;CC des Cévennes Au Mont Lozère;2017;803
200069144;CC des Hautes Terres de l'Aubrac;2017;1401
200069151;CC Gorges Causses Cévennes;2017;963
200069169;CC Dômes Sancy Artense;2017;2832
200069177;CC Mond'Arverne Communauté;2017;1873
200069185;CC des Terres d'Apcher-Margeride-Aubrac;2017;1460
200069193;CC de la Dombes;2017;3151
200069227;CC Pays Fort Sancerrois Val de Loire;2017;3582
200069235;CC du Haut Pays du Montreuillois;2017;3028
200069250;CA Troyes Champagne Métropole;2017;6067
200069268;CC Aubrac Lot Causse et Pays de Chanac;2017;1179
200069300;CA Tarbes-Lourdes-Pyrénées;2017;4350
200069383;CC du Grand Villefranchois;2017;3530
200069391;CC Lamballe Terre et Mer;2017;13091
200069409;CA Saint-Brieuc Armor;2017;11409
200069417;CC Pays d'Orthe et Arrigans;2017;2999
200069425;CA Mont-Saint-Michel-Normandie;2017;13744
200069433;CC de Vezouze en Piémont;2017;1295
200069441;CC du Pays de Bitche;2017;1232
200069458;CC des Vallées d'Auge et du Merlerault;2017;2587
200069482;CC des Campagnes de l'Artois;2017;4155
200069516;CC Seulles Terre et Mer;2017;1222
200069524;CC Pré-Bocage Intercom;2017;3143
200069532;CA Lisieux Normandie;2017;5299
200069540;CC Norge et Tille;2017;745
200069565;CC des Lacs et Montagnes du Haut-Doubs;2017;1017
200069581;CC de Podensac, des Coteaux de Garonne et de Lestiac-sur-Garonne, Paillet, Rions;2017;3863
200069599;CC Rurales de l'Entre-deux-Mers;2017;4645
200069615;CC Bresse Haute Seille;2017;1953
200069623;CC Champagnole Nozeroy Jura;2017;2186
200069631;CC Terres de Chalosse;2017;3011
200069649;CC Chalosse Tursan;2017;4796
200069656;CC Coeur Haute Lande;2017;2774
200069664;CC Meuse Rognon;2017;1691
200069672;CC du Ternois;2017;4903
200069698;CC Mâconnais - Tournugeois;2017;1715
200069722;CC Interrégionale Aumale - Blangy-sur-Bresle;2017;2116
200069730;CC des Quatre Rivières;2017;3089
200069748;CC Val de Gâtine;2017;4226
200069755;CC du Cellois, Coeur du Poitou, Mellois et du Val de Boutonne;2017;7833
200069763;CC du Haut-Poitou;2017;3529
200069821;CA Fécamp Caux Littoral;2017;1652
200069839;CC Côte d'Albâtre;2017;2784
200069847;CC Plateau de Caux-Doudeville-Yerville;2017;1772
200069854;CA Grand-Poitiers;2017;7121
200069912;CC des Forêts du Perche;2017;713
200069953;CC des Portes Euréliennes d'Ile de France;2017;2359
200069961;CC du Grand Châteaudun;2017;3884
200069995;CC Médoc Coeur de Presqu'ile;2017;9570
200070035;CC du Civraisien en Poitou;2017;4220
200070043;CC Vienne et Gartempe;2017;6021
200070068;CC Communauté Bray-Eawy;2017;2788
200070092;CA du Libournais;2017;11065
200070100;CC du Val de Sully;2017;1825
200070118;CC Val de Saône Centre;2017;1138
200070126;CC Seine et Aube;2017;1087
200070142;CC Lyons Andelle;2017;1036
200070159;CC Coeur de Beauce;2017;3380
200070167;CC Terres de Perche;2017;1216
200070183;CC des Terres du Val de Loire;2017;2866
200070233;CC Terres de Montaigu, Cc Montaigu-Rocheservière;2017;3655
200070282;CC Lavalette Tude Dronne;2017;2946
200070290;CC Pays de l'Audunois et du Bassin de Landres;2017;514
200070308;CA Mâconnais Beaujolais;2017;5865
200070316;CC Entre Arroux, Loire et Somme;2017;2505
200070324;CC du Territoire de Lunéville à Baccarat;2017;1820
200070332;CC du Pays de Chalindrey, de Vannier Amance et de la Région de Bourbonne-Les-Bains;2017;2001
200070340;CC Haute-Maurienne Vanoise;2017;464
200070365;CC Corbières Salanque Méditerranée;2017;2405
200070373;CC Loir-Lucé-Bercé;2017;3172
200070407;CA Pays d'Issoire;2017;3480
200070431;CC du Sud Grésivaudan;2017;3485
200070449;CC Inter-Caux-Vexin;2017;3525
200070464;CC Coeur de Maurienne Arvan;2017;487
200070506;CC Pays de Nexon Monts de Chalus;2017;1539
200070514;CA du Grand Cognac;2017;9477
200070530;CC du Grand Autunois Morvan;2017;3246
200070548;CC La Clayette Chauffailles en Brionnais;2017;1694
200070555;CC de la Veyle;2017;1826
200070563;CC Terres Touloises;2017;1266
200070571;CC Coeur de Berry;2017;994
200070589;CC de Seille et Mauchère et Grand Couronné;2017;1021
200070647;CA Bergeracoise;2017;7621
200070662;CC Bretagne Porte de Loire Communauté;2017;3073
200070670;CC du Pays de Dol et de la Baie du Mont-Saint-Michel;2017;2813
200070688;CC Couesnon Marches de Bretagne;2017;3290
200070712;CC Thiers Dore et Montagne;2017;1707
200070720;CC Médoc Atlantique;2017;2591
200070738;CC Mad et Moselle;2017;1102
200070746;CA Sarreguemines Confluences;2017;926
200070753;CC Riom Limagne et Volcans;2017;3166
200070761;CC Ambert Livradois Forez;2017;2854
200070779;CC Brie des Rivières et Châteaux;2017;1378
200070787;CC du Plateau de Lannemezan;2017;1419
200070795;CC du Pays de Trie et du Magnoac;2017;1515
200070803;CC des Coteaux de Pouyastruc et du Canton de Tournay;2017;1147
200070811;CC Pyrénées Vallées des Gaves;2017;1071
200070829;CC Neste Barousse;2017;697
200070845;CC des Pays de Briey, du Jarnisy et de l'Orne;2017;1130
200070852;CC Usses et Rhône;2017;1328
200070894;CC de Gevrey-Chambertin et de Nuits-Saint-Georges;2017;3522
200070902;CC Auxonne Pontailler Val de Saône;2017;1183
200070910;CC Tille et Venelle;2017;471
200070928;CC Terre de Picardie;2017;2260
200070936;CC Ponthieu-Marquenterre;2017;4250
200070944;CC du Vimeu;2017;1295
200070951;CC du Territoire Nord Picardie;2017;2869
200070969;CC Avre Luce Noye;2017;1892
200070977;CC du Grand Roye;2017;2323
200070985;CC de l'Est de la Somme;2017;2299
200070993;CA de la Baie de Somme;2017;2765
200071017;CC des Terres d'Auxois;2017;1638
200071025;CC Haute-Provence-Pays de Banon;2017;1011
200071033;CC Jabron-Lure-Vançon-Durance;2017;445
200071041;CC du Chaourçois et du Val d'Armance;2017;1484
200071058;CC Les Avant-Monts;2017;3229
200071066;CA de Saint-Dié-Des-Vosges;2017;2734
200071074;CC Les Portes de l'Ile de France;2017;583
200071082;CA Montluçon Communauté;2017;1712
200071116;CA Ecla  (Espace Communautaire Lons Agglomération);2017;1450
200071140;CA Moulins Communauté;2017;5311
200071157;CC des Hautes-Vosges;2017;1508
200071165;CA Les Sables d'Olonne;2017;1617
200071173;CC du Pays Arnay Liernais;2017;1040
200071181;CC Somme Sud-Ouest;2017;4153
200071199;CC Plaine Limagne;2017;2036
200071207;CC de Pouilly en Auxois - Bligny-sur-Ouche;2017;1036
200071215;CC Chavanon Combrailles et Volcans;2017;2696
200071223;CC Nièvre et Somme;2017;1425
200071298;CC des Terres du Lauragais;2017;2819
200071314;CC Save Garonne et Côteaux de Cadours;2017;2041
200071363;CA Vichy Communauté;2017;3376
200071371;CC du Pays de Bâgé et de Pont-De-Vaux;2017;2446
200071389;CC Saint-Pourçain Sioule Limagne;2017;3758
200071405;CC Ardèche Rhône Coiron;2017;1463
200071413;CA Privas Centre Ardèche;2017;3308
200071454;CA Evreux Portes de Normandie;2017;2885
200071470;CC Entr'Allier Besbre et Loire;2017;3660
200071496;CC du Bocage Bourbonnais;2017;2296
200071504;CC des Collines du Perche Normand;2017;1397
200071512;CC Commentry Montmarault Néris Communauté;2017;2773
200071520;CC Domfront Tinchebray Interco;2017;2237
200071538;CC Terres de Bresse;2017;1918
200071546;CC Sud Retz Atlantique;2017;3783
200071553;CC Loire Layon Aubance;2017;7319
200071579;CC Bresse Louhannaise Intercom';2017;2514
200071587;CC Loches Sud Touraine;2017;6887
200071595;CC Arbois, Poligny, Salins, Coeur du Jura;2017;2683
200071629;CC Challans-Gois Communauté;2017;4160
200071645;CC Saint Cyr Mère Boitier entre Charolais et Mâconnais;2017;1241
200071652;CC du Pays Fertois et du Bocage Carrougien;2017;935
200071678;CA du Choletais;2017;7045
200071751;CA du Bassin de Bourg-en-Bresse;2017;9187
200071769;CC Picardie des Châteaux;2017;1191
200071777;CC d'Arcis, Mailly, Ramerupt;2017;2218
200071785;CA Chauny Tergnier la Fère;2017;1824
200071819;CC du Périgord Nontronnais;2017;1707
200071827;CA du Grand Angoulême;2017;5711
200071843;CC du Vexin Normand;2017;1377
200071850;CC du Pithiverais-Gâtinais;2017;1811
200071868;CC des Vallées du Haut-Anjou;2017;5139
200071876;CA Saumur Val de Loire;2017;14322
200071884;CC Le Grand Charolais;2017;3832
200071892;CA du Saint-Quentinois;2017;2528
200071900;CC Moutierrois Talmondais;2017;2932
200071918;CC du Pays de Saint-Fulgent - les Essarts;2017;2985
200071926;CC du Limouxin;2017;4190
200071934;CC Pays de Fontenay-Vendée;2017;3312
200071942;CC Haut Limousin en Marche;2017;3714
200071967;CC Pays d'Évian Vallée d'Abondance;2017;1174
200071983;CC Thiérache Sambre et Oise;2017;1567
200071991;CC Retz-en-Valois;2017;2383
200072007;CC de la Montagne d'Ardèche;2017;1111
200072015;CA Annonay Rhône;2017;2006
200072023;CC Coeur de Charente;2017;2519
200072031;CA de la Région de Château-Thierry;2017;5390
200072049;CC de Charente Limousine;2017;4930
200072056;CC Porte du Jura;2017;845
200072064;CC Val-de-Cher-Controis;2017;6009
200072072;CA Territoires Vendômois;2017;4718
200072080;CC du Pays de Saint-Éloy;2017;1965
200072098;CC Combrailles Sioule et Morge;2017;1314
200072106;CC Adour Madiran;2017;3038
200072122;CC Pays de Coulommiers;2017;1534
200072130;CA du Pays de Meaux;2017;1568
200072304;CC Vallée de l'Ubaye - Serre-Ponçon;2017;449
200072312;CA Seine Normandie;2017;2790
200072320;CC Val de Gers;2017;2156
200072346;CA du Pays de Fontainebleau;2017;1464
200072452;CA Fougères;2017;5879
200072460;CA de Béthune-Bruay, Artois-Lys Romane;2017;8604
200072478;CC Pays d'Opale;2017;1898
200072544;CC des Deux Morin;2017;1454
200072635;CC Pyrénées Haut Garonnaises;2017;823
200072643;CC Coeur et Coteaux du Comminges;2017;4235
200072650;CC Touraine Vallée de l'Indre;2017;2689
200072668;CC Touraine Val de Vienne;2017;3422
200072676;CC Maine Saosnois;2017;3252
200072684;CC Le Gesnois Bilurien;2017;2576
200072692;CC des Vallées de la Braye et de l'Anille;2017;1847
200072700;CC Haute Sarthe Alpes Mancelles;2017;2835
200072718;CC de la Champagne Conlinoise et du Pays de Sillé;2017;2553
200072726;CC Châteaubriant-Derval;2017;5377
200072734;CC Estuaire et Sillon;2017;1729
200072825;CC Mirebellois et Fontenois;2017;1150
200072874;CC Val Briard;2017;1264
200072882;CC de Vie et Boulogne;2017;4829
200072981;CC Touraine Ouest Val de Loire;2017;4015
200072999;CC du Grand Langres;2017;2209
200073013;CC Carnelle Pays-De-France;2017;634
200073096;CA Hermitage-Tournonais-Herbasse-Pays de Saint-Félicien;2017;5555
200073104;CC de l'Ile-Rousse - Balagne;2017;723
200073112;CC Sud Sarthe;2017;3679
200073120;CC Nebbiu - Conca d'Oro;2017;586
200073138;CC des Quatre Territoires;2017;654
200073146;CC Cagire Garonne Salat;2017;1404
200073161;CC Touraine-Est Vallées;2017;1976
200073237;CC de Gâtine et Choisilles - Pays de Racan;2017;1966
200073245;CC du Bassin d'Aubenas;2017;1831
200073252;CC de la Castagniccia-Casinca;2017;1166
200073260;CC Sud Vendée Littoral;2017;5784
200073344;CA Rambouillet Territoires;2017;2333
200073393;CC des Rives du Haut-Allier;2017;3791
200073401;CC Mézenc-Loire-Meygal;2017;1605
200073419;CA du Puy-en-Velay;2017;6873
200073427;CC Marches du Velay-Rochebaron;2017;1614
240100578;CC du Plateau d'Hauteville;2017;447
240100610;CC de la Côtière à Montluel;2017;558
240100750;CC du Pays de Gex;2017;1191
240100800;CC de Miribel et du Plateau;2017;430
240100883;CC de la Plaine de l'Ain;2017;2407
240100891;CC du Pays Bellegardien (Ccpb);2017;483
240200444;CC de la Thiérache du Centre;2017;3726
240200469;CC du Pays de la Serre;2017;1868
240200477;CA du Soissonnais;2017;2582
240200493;CC du Pays du Vermandois;2017;2128
240200501;CC du Val de l'Aisne;2017;1650
240200519;CC du Canton d'Oulchy-le-Château;2017;698
240200576;CC de la Champagne Picarde;2017;2095
240200584;CC du Canton de Charly-sur-Marne;2017;1806
240200592;CC du Chemin des Dames;2017;624
240200600;CC du Pays des Trois Rivières;2017;1481
240200634;CC des Portes de la Thiérache;2017;1088
240300491;CC du Pays de Lapalisse;2017;1217
240300558;CC du Pays de Tronçais;2017;1142
240300566;CC du Val de Cher;2017;521
240300657;CC du Pays d'Huriel;2017;881
240400440;CC Pays Forcalquier et Montagne de Lure;2017;856
240500439;CC du Briançonnais;2017;399
240500462;CC du Pays des Ecrins;2017;213
240600551;CA de la Riviera Française;2017;963
240600585;CA de Sophia Antipolis;2017;4598
240600593;CC du Pays des Paillons;2017;562
240700302;CC du Pays Beaume-Drobie;2017;1012
240700617;CC Val de Ligne;2017;453
240700716;CC du Val d'Ay;2017;459
240700815;CC Berg et Coiron;2017;801
240700864;CC du Rhône aux Gorges de l'Ardèche;2017;1696
240800821;CC Ardenne, Rives de Meuse;2017;378
240800847;CC des Portes du Luxembourg;2017;1596
240800862;CC des Crêtes Préardennaises;2017;3165
240800920;CC de l'Argonne Ardennaise;2017;3571
240900431;CC du Pays de Tarascon;2017;487
240900464;CC du Pays d'Olmes;2017;613
241000223;CC Forêts, Lacs, Terres en Champagne;2017;897
241000405;CC de la Région de Bar-sur-Aube;2017;2089
241000447;CC du Pays d'Othe Aixois;2017;764
241000488;CC de l'Orvin et de l'Ardusson;2017;1116
241100593;CA Le Grand Narbonne;2017;9123
241200187;CA Rodez;2017;4009
241200542;CC du Réquistanais;2017;1777
241200567;CC de Millau Grands Causses;2017;1495
241200625;CC du Pays Rignacois;2017;1240
241200641;CC Conques-Marcillac;2017;2010
241200658;CC du Pays de Salars;2017;1790
241200674;CC du Plateau de Montbazens;2017;1399
241200765;CC de Lévézou Pareloup;2017;2009
241200807;CC Aveyron Ségala Viaur;2017;1721
241200906;CC Larzac et Vallées;2017;986
241200914;CC de la Muse et des Raspes du Tarn;2017;1318
241300375;CC Vallée des Baux-Alpilles (Cc Vba);2017;3254
241300417;CA d'Arles-Crau-Camargue-Montagnette;2017;8766
241400415;CC Coeur Côte Fleurie;2017;723
241400514;CC du Pays de Falaise;2017;2470
241400555;CC de Bayeux Intercom;2017;1949
241400761;CC de Cambremer;2017;880
241400860;CC Coeur de Nacre;2017;840
241400878;CC Blangy-Pont-l'Evêque Intercom;2017;1573
241500230;CA du Bassin d'Aurillac;2017;4791
241500255;CC du Pays Gentiane;2017;1164
241500271;CC du Pays de Mauriac;2017;1101
241501055;CC Sumène - Artense;2017;1125
241501089;CC Cère et Goul en Carladès;2017;800
241501139;CC du Pays de Salers;2017;2202
241600303;CC du Rouillacais;2017;1889
241700434;CA de la Rochelle;2017;3941
241700459;CC de l'Ile de Ré;2017;1123
241700517;CC Charente-Arnoult-Coeur de Saintonge;2017;2123
241700624;CC de l'Ile d'Oléron;2017;1895
241700632;CC de Gémozac et de la Saintonge Viticole;2017;2427
241700640;CA Royan Atlantique;2017;5787
241700699;CC du Bassin de Marennes;2017;1543
241800325;CC Les Villages de la Forêt;2017;263
241800374;CC La Septaine;2017;777
241800424;CC Le Dunois;2017;660
241800432;CC Les Trois Provinces;2017;708
241800457;CC Fercher Pays Florentais;2017;519
241800507;CA Bourges Plus;2017;3283
241900133;CC de Ventadour - Egletons - Monédières;2017;1075
241927201;CA Tulle;2017;4193
241927243;CC du Pays d'Uzerche;2017;1430
242000354;CA de Bastia;2017;922
242000495;CC de l'Alta Rocca;2017;472
242000503;CC de la Haute Vallée de la Gravona;2017;559
242010056;CA du Pays Ajaccien;2017;2654
242010130;CC du Sartenais Valinco;2017;784
242020071;CC du Centre Corse;2017;384
242020105;CC de Calvi Balagne;2017;676
242100154;CC des Vallées de la Tille et de l'Ignon;2017;588
242100410;CU du Grand Dijon;2017;4353
242101434;CC du Pays Châtillonnais;2017;2995
242101442;CC de Saulieu;2017;523
242101459;CC du Pays d'Alésia et de la Seine;2017;752
242101491;CC du Montbardois;2017;687
242101509;CC Rives de Saône, Cc Saint Jean-de-Losne Seurre;2017;1371
242200715;CC du Kreiz-Breizh (Cckb);2017;3907
242400752;CC des Marchés du Périg Or Limousin, Thiviers-Jumilhac;2017;2207
242400935;CC du Pays de Saint-Aulaye;2017;814
242401024;CC du Pays de Lanouaille;2017;2422
242500320;CC de Montbenoît;2017;1016
242500338;CC du Grand Pontarlier;2017;1039
242500361;CA du Grand Besançon;2017;4201
242504116;CC du Val de Morteau;2017;833
242504181;CC du Pays de Pierrefontaine - Vercel;2017;3222
242504355;CC du Plateau de Russey;2017;711
242504371;CC du Pays de Sancey-Belleherbe;2017;1022
242504447;CC du Doubs Baumois;2017;1416
242504488;CC Altitude 800;2017;981
242504496;CC du Plateau de Frasne et du Val de Drugeon (Cfd);2017;775
242600252;CC du Val de Drôme;2017;3375
242600492;CC Dieulefit-Bourdeaux;2017;831
242600534;CC du Diois;2017;1863
242700276;CC du Pays de Conches;2017;1069
242700607;CC du Pays du Neubourg;2017;1442
242700623;CC Eure-Madrie-Seine;2017;736
242852465;CC du Bonnevalais;2017;1346
242900074;CC du Pays d'Iroise;2017;3916
242900314;Brest Métropole;2017;7837
242900553;CC du Pays des Abers;2017;4685
242900561;CC de Haute-Cornouaille;2017;2709
242900629;CC Cap Sizun - Pointe du Raz;2017;1268
242900645;CC Douarnenez Communauté;2017;893
242900660;CC du Pays Fouesnantais;2017;1303
242900694;CA du Pays de Quimperlé;2017;4536
242900702;CC du Pays Bigouden Sud;2017;1334
242900710;CC du Haut Pays Bigouden;2017;1664
242900744;CC Poher Communauté;2017;2303
242900751;CC du Pays de Landivisiau;2017;5878
242900769;CA Concarneau Cornouaille;2017;2984
242900793;CC Communauté Lesneven Côte des Légendes;2017;4856
242900801;CC du Pays de Landerneau-Daoulas;2017;5540
242900835;CA Morlaix Communauté;2017;6834
243000270;CC du Pays Viganais;2017;639
243000296;CC du Pays de Sommières;2017;1782
243000569;CC Rhony, Vistre, Vidourle;2017;1369
243000585;CC Beaucaire Terre d'Argence;2017;4832
243000593;CC de Petite Camargue;2017;3130
243000643;CA de Nîmes Métropole;2017;18509
243000650;CC Terre de Camargue;2017;1903
243000684;CC du Pont du Gard;2017;2558
243100518;Toulouse Métropole;2017;9618
243100567;CC Lauragais Revel Sorezois;2017;1735
243100633;CA du Sicoval;2017;1714
243100732;CC des Coteaux du Girou;2017;958
243100773;CC Val'Aïgo;2017;931
243100781;CC de la Save au Touch;2017;689
243100815;CC des Coteaux Bellevue;2017;451
243200391;CC de la Lomagne Gersoise;2017;3556
243200409;CC du Bas Armagnac;2017;2128
243200417;CC de la Tenarèze;2017;3498
243200425;CC Coeur d'Astarac en Gascogne;2017;1340
243200458;CC du Grand Armagnac;2017;3466
243200508;CC Bastides et Vallons du Gers;2017;1483
243200599;CC du Saves;2017;1585
243200607;CC Artagnan de Fezensac;2017;1670
243300316;Bordeaux Métropole;2017;14889
243300563;CA Bassin d'Arcachon Sud-Pôle Atlantique (Cobas);2017;1676
243300811;CC de l'Estuaire - Canton de Saint-Ciers-sur-Gironde;2017;2882
243301165;CC Jalle-Eau-Bourde;2017;728
243301181;CC Latitude Nord Gironde;2017;1637
243301215;CC du Créonnais;2017;1373
243301223;CC du Cubzaguais;2017;2408
243301249;CC du Secteur de Saint-Loubès;2017;944
243301264;CC de Montesquieu;2017;2057
243301355;CC des Coteaux Bordelais;2017;666
243301371;CC du Pays Foyen;2017;4115
243301389;CC Médullienne;2017;2090
243301397;CC du Fronsadais;2017;1969
243301405;CC du Val de l'Eyre;2017;1197
243301439;CC des Portes de l'Entre-deux-Mers;2017;1050
243301447;CC Médoc Estuaire;2017;3245
243301454;CC Castillon - Pujols;2017;5414
243301504;CC du Bassin d'Arcachon Nord Atlantique (Coban Atlantique);2017;1998
243400017;Montpellier Méditerranée Métropole;2017;10979
243400355;CC du Clermontais;2017;2272
243400470;CA du Pays de l'Or;2017;2573
243400488;CC La Domitienne;2017;1913
243400520;CC du Pays de Lunel;2017;4047
243400694;CC Vallée de l'Hérault;2017;3525
243400736;CC des Cévennes Gangeoises et Suménoises;2017;708
243400769;CA de Béziers-Méditerranée;2017;7069
243400819;CA Hérault-Méditerranée;2017;5838
243500139;Rennes Métropole;2017;13248
243500550;CC Montfort Communauté;2017;2683
243500618;CC de Brocéliande;2017;1871
243500634;CC Au Pays de la Roche aux Fées;2017;3624
243500659;CC du Pays de Châteaugiron;2017;1665
243500667;CC du Val d'Ille-Aubigné;2017;2954
243500725;CC Côte d'Émeraude;2017;1069
243500733;CC Bretagne Romantique;2017;3543
243500741;CC du Pays de Redon;2017;6029
243500774;CC Liffré-Cormier Communauté;2017;1935
243500782;CA du Pays de Saint-Malo (Saint-Malo Agglomération);2017;3262
243600202;CC Chabris - Pays de Bazelle;2017;731
243600236;CC du Pays d'Issoudun;2017;959
243600293;CC de la Région de Levroux;2017;792
243600301;CC Val de l'Indre - Brenne;2017;1137
243600319;CC Brenne - Val de Creuse;2017;2079
243600327;CA Châteauroux Métropole;2017;2641
243600343;CC Coeur de Brenne;2017;830
243600350;CC de la Châtre et Sainte-Sévère;2017;2358
243700499;CC du Castelrenaudais;2017;1163
243700754;CU Tour(S) Plus;2017;5599
243700820;CC de Bléré Val de Cher;2017;1455
243800455;CA Viennagglo;2017;2574
243800604;CA Porte de l'Isère (C.A.P.I);2017;1840
243800745;CC de l'Oisans;2017;227
243800778;CC du Pays Roussillonnais;2017;2794
243800844;CC du Territoire de Beaurepaire;2017;1569
243800935;CC Lyon Saint-Éxupéry-en-Dauphiné;2017;372
243800984;CA du Pays Voironnais;2017;2453
243801024;CC du Massif du Vercors;2017;644
243801073;CC de Bièvre Est;2017;863
243801255;CC des Collines du Nord Dauphiné;2017;867
243900354;CC de la Station des Rousses-Haut Jura;2017;153
243900412;CC Jura Sud;2017;171
243900420;CC du Val d'Amour;2017;813
243900479;CC du Haut-Jura (Arcade);2017;251
243900560;CC Jura Nord;2017;658
243900610;CC La Grandvallière;2017;386
243900719;CC du Pays des Lacs;2017;594
243901071;CC de la Région d'Orgelet;2017;596
243901089;CC de la Plaine Jurassienne;2017;847
244000543;CC de Mimizan;2017;699
244000659;CC du Seignanx;2017;866
244000675;CA du Grand Dax;2017;2485
244000691;CC du Pays Morcenais;2017;1029
244000766;CC du Pays Tarusate;2017;2362
244000774;CC du Pays de Villeneuve en Armagnac Landais;2017;1067
244000808;CA Mont-de-Marsan;2017;4624
244000824;CC du Pays Grenadois;2017;1069
244000857;CC Côte Landes Nature;2017;1022
244000865;CC Maremne Adour Côte Sud;2017;3037
244000873;CC des Grands Lacs;2017;1706
244000881;CC Coteaux et Vallées des Luys;2017;1484
244100293;CC des Collines du Perche;2017;1095
244100780;CC de la Sologne des Étangs;2017;837
244100798;CC du Grand Chambord;2017;1567
244100806;CC de la Sologne des Rivières;2017;714
244200614;CC des Vals d'Aix et Isable;2017;935
244200622;CC des Monts du Pilat;2017;1327
244200630;CC du Pays entre Loire et Rhône;2017;1298
244200770;CU Saint-Etienne Métropole;2017;7709
244200820;CC du Pays d'Urfé;2017;910
244200895;CC du Pilat Rhodanien;2017;1407
244300307;CC du Pays de Montfaucon;2017;862
244301016;CC des Sucs;2017;1335
244301032;CC du Brivadois;2017;1730
244301099;CC Auzon Communauté;2017;555
244301107;CC du Haut-Lignon;2017;825
244301123;CC des Pays de Cayres et de Pradelles;2017;1314
244301131;CC Loire et Semène;2017;726
244400404;Nantes Métropole;2017;12952
244400438;CC de Grand Lieu;2017;2836
244400453;CC de la Région de Blain;2017;1300
244400503;CC d'Erdre et Gesvres;2017;3711
244400537;CC de la Région de Nozay;2017;1723
244400552;CC du Pays d'Ancenis;2017;7799
244400586;CC du Sud-Estuaire;2017;1336
244400610;CA de la Presqu'île de Guérande Atlantique (Cap Atlantique);2017;3655
244400644;CA de la Région Nazairienne et de l'Estuaire (Carene);2017;1746
244500203;CA Montargoise et Rives du Loing (A.M.E.);2017;1528
244500211;CC Giennoises;2017;1237
244500419;CC des Quatre Vallées;2017;885
244500427;CC des Loges;2017;2386
244500468;CU Orléans Métropole;2017;8169
244500484;CC de la Forêt;2017;1022
244500542;CC de la Plaine du Nord Loiret;2017;934
244600433;CC de la Vallée du Lot et du Vignoble;2017;2438
244600482;CC Quercy - Bouriane;2017;1193
244600532;CC du Pays de Lalbenque-Limogne;2017;1209
244600573;CC du Causse de Labastide-Murat;2017;670
244700449;CC du Pays de Duras;2017;1722
244700464;CC du Pays de Lauzun;2017;1778
244701355;CC des Coteaux et Landes de Gascogne;2017;1962
244701405;CC Lot et Tolzac;2017;1778
244800405;CC Coeur de Lozère;2017;1064
244800470;CC du Gévaudan;2017;1033
244900015;CU Angers Loire Métropole;2017;12848
244900809;CC Anjou Bleu Communauté;2017;5344
244900882;CC Baugeois Vallée;2017;5986
245100615;CC de la Grande Vallée de la Marne;2017;3596
245100888;CC de la Brie Champenoise;2017;1100
245100979;CC du Sud Marnais;2017;1639
245200597;CC des Trois Forêts;2017;1107
245300223;CC du Pays de Meslay-Grez;2017;2446
245300306;CC du Pays de Loiron;2017;2216
245300330;CA de Laval;2017;5624
245300355;CC de l'Ernée;2017;4363
245300389;CC du Bocage Mayennais;2017;4925
245300447;CC du Pays de Château-Gontier;2017;3768
245400171;CC Moselle et Madon;2017;568
245400189;CC des Pays du Sel et du Vermois;2017;730
245400262;CA de Longwy;2017;446
245400510;CC du Pays de Colombey et du Sud Toulois;2017;815
245400601;CC du Bassin de Pompey;2017;647
245400676;Métropole du Grand Nancy;2017;2608
245400759;CC du Pays du Sanon;2017;668
245500327;CC du Sammiellois;2017;833
245501176;CC du Territoire de Fresnes-en-Woëvre;2017;764
245501184;CC du Pays de Revigny-sur-Ornain;2017;610
245501242;CC du Pays d'Étain;2017;733
245501259;CC du Pays de Montmédy;2017;566
245600440;CC de Blavet Bellevue Océan;2017;1114
245600465;CC de Belle-Ile-en-Mer;2017;312
245614383;CC Questembert Communauté;2017;3016
245614417;CC Roi Morvan Communauté;2017;5172
245614433;CC Pontivy Communauté;2017;6087
245700133;CC du District Urbain de Faulquemont (Duf);2017;756
245700372;CA de Forbach Porte de France;2017;361
245700398;CC de Freyming-Merlebach;2017;164
245700695;CC de Cattenom et Environs;2017;409
245700950;CC du Pays de Phalsbourg;2017;659
245701164;CC du Warndt;2017;86
245701206;CC du Saulnois;2017;3047
245701222;CA du Val de Fensch;2017;200
245701271;CC du Pays Orne Moselle;2017;298
245701354;CC de l'Arc Mosellan;2017;528
245701362;CA Portes de France-Thionville;2017;439
245701404;CC du Pays Haut Val d'Alzette;2017;130
245801063;CC Loire et Allier;2017;450
245804406;CA de Nevers;2017;1872
245804497;CC du Nivernais Bourbonnais;2017;630
245900410;Métropole Européenne de Lille;2017;13148
245900428;CU de Dunkerque;2017;2749
245900758;CC Flandre Lys;2017;1764
245901038;CC du Pays Solesmois;2017;678
245901061;CC de la Haute-Deûle;2017;523
245901152;CC Coeur d'Ostrevent [C.C.C.O.];2017;1421
245901160;CA Valenciennes Métropole;2017;2714
246000129;CC du Liancourtois;2017;419
246000376;CC du Clermontois;2017;835
246000566;CC du Plateau Picard;2017;2032
246000582;CC des Sablons;2017;951
246000707;CC du Vexin-Thelle;2017;1130
246000749;CC des Lisières de l'Oise;2017;934
246000756;CC du Pays Noyonnais;2017;1227
246000764;CC de l'Aire Cantilienne;2017;2277
246000772;CC des Deux Vallées;2017;487
246000848;CC de la Picardie Verte;2017;3684
246000855;CC du Pays des Sources;2017;1650
246000871;CC du Pays de Valois;2017;2299
246000897;CC de la Plaine d'Estrées;2017;815
246000913;CC du Pays de Bray;2017;1382
246000921;CC des Pays d'Oise et d'Halatte;2017;649
246100390;CC du Val d'Orne;2017;1176
246100663;CU d'Alençon;2017;3372
246200299;CA d'Hénin-Carvin;2017;1402
246200364;CA de Lens - Liévin;2017;2877
246200380;CC de la Terre des Deux Caps;2017;1268
246200729;CA du Boulonnais;2017;1996
246200844;CC de la Région d'Audruicq;2017;1480
246201016;CC du Pays de Lumbres;2017;1845
246201149;CA du Calaisis;2017;1586
246300701;CU Clermont Auvergne Métropole;2017;6585
246300966;CC du Massif du Sancy;2017;1549
246301097;CC Entre Dore et Allier;2017;1136
246400337;CC de la Vallée d'Ossau;2017;1025
246401756;CC Pays de Nay;2017;1936
246500482;CC de la Haute-Bigorre;2017;893
246500573;CC Aure-Louron;2017;408
246600282;CC Sud-Roussillon;2017;1699
246600373;CC du Vallespir;2017;1074
246600399;CC Pyrénées Cerdagne;2017;674
246600415;CC Roussillon-Conflent;2017;3294
246600423;CC Agly Fenouillèdes;2017;1338
246600449;CC des Aspres;2017;2400
246600464;CC Capcir Haut-Conflent;2017;302
246600548;CC du Haut Vallespir;2017;500
246700306;CC de la Vallée de la Bruche;2017;957
246700488;Eurométropole de Strasbourg;2017;6121
246700744;CC des Portes de Rosheim;2017;713
246700777;CC de la Vallée de Villé;2017;441
246700843;CC de la Basse-Zorn;2017;598
246700926;CC du Pays de Wissembourg;2017;859
246700959;CC du Pays de la Zorn;2017;1139
246700967;CC de Sélestat;2017;1718
246701064;CC de la Région de Molsheim-Mutzig;2017;1730
246701080;CC du Pays de Sainte-Odile;2017;695
246701098;CC du Pays de Niederbronn-les-Bains;2017;476
246800205;CC de la Vallée de Saint-Amarin;2017;441
246800395;CC du Val d'Argent;2017;332
246800445;CC du Centre du Haut-Rhin;2017;542
246800494;CC du Pays de Rouffach, Vignobles et Châteaux;2017;1501
246800551;CC de la Vallée de Kaysersberg;2017;1663
246800569;CC de la Région de Guebwiller;2017;1566
246800577;CC du Pays de Ribeauvillé;2017;2266
246800585;CC de la Vallée de Munster;2017;936
246800676;CC de la Vallée de la Doller et du Soultzbach;2017;459
246800726;CA Colmar;2017;3916
246900575;CC de l'Est Lyonnais (Ccel);2017;768
246900625;CC du Pays de l'Arbresle (Ccpa);2017;1886
246900633;CC de la Région de Condrieu;2017;1240
246900724;CC des Vallons du Lyonnais (Ccvl);2017;1334
246900740;CC du Pays Mornantais (Copamo);2017;1699
246900757;CC de la Vallée du Garon (Ccvg);2017;615
246900765;CC du Pays de l'Ozon;2017;591
247000011;CA de Vesoul;2017;1153
247000367;CC des Combes;2017;750
247000623;CC des Quatre Rivières;2017;1334
247000664;CC du Pays de Lure;2017;595
247000698;CC des Monts de Gy;2017;697
247000706;CC du Pays Riolais;2017;866
247000714;CC du Pays de Villersexel;2017;646
247000722;CC du Pays d'Héricourt;2017;463
247000755;CC du Pays de Luxeuil;2017;613
247000821;CC Rahin et Cherimont;2017;246
247000854;CC de la Haute Vallée de l'Ognon;2017;584
247100290;CU Le Creusot Montceau-les-Mines;2017;2650
247100589;CA Le Grand Chalon;2017;4172
247100639;CC du Canton de Marcigny;2017;797
247100647;CC du Canton de Pierre de Bresse;2017;972
247103765;CC Entre Saône et Grosne;2017;849
247103864;CC du Canton de Semur-en-Brionnais;2017;730
247104094;CC Sud Côte Chalonnaise;2017;1400
247200090;CC de Sablé-sur-Sarthe;2017;2318
247200132;CU Le Mans Métropole;2017;6591
247200348;CC du Pays Fléchois;2017;2279
247200421;CC du Sud Est du Pays Manceau;2017;939
247200447;CC Orée de Bercé - Belinois;2017;1145
247200629;CC du Val de Sarthe;2017;1667
247200686;CC du Pays de l'huisne Sarthoise;2017;2477
247300015;CC des Vallées d'Aigueblanche;2017;264
247300254;CC Maison de l'Intercommunalité de Haute-Tarentaise;2017;483
247300262;CC de Yenne;2017;686
247300361;CC du Canton de la Chambre;2017;249
247300452;CC Maurienne Galibier;2017;97
247300528;CC Val Guiers;2017;673
247300668;CC du Lac d'Aiguebelette (Ccla);2017;384
247300676;CC Porte de Maurienne;2017;233
247300817;CC Les Versants d'Aime;2017;486
247400047;CC de la Vallée Verte;2017;379
247400112;CC du Pays de Cruseilles;2017;911
247400567;CC Fier et Usses;2017;595
247400583;CC Arve et Salève;2017;885
247400617;CC des Vallées de Thônes;2017;1518
247400666;CC des Quatre Rivières;2017;592
247400682;CC du Haut-Chablais;2017;537
247400690;CC du Genevois;2017;1173
247400724;CC du Pays Rochois;2017;825
247400740;CC du Canton de Rumilly;2017;1384
247400773;CC des Sources du Lac d'Annecy;2017;486
247600497;CC du Canton de Criquetot-l'Esneval;2017;987
247600505;CC Campagne-De-Caux;2017;1080
247600539;CC Caux Estuaire;2017;717
247600588;CC des Villes Soeurs;2017;1235
247600596;CA Havraise (Co.D.A.H.);2017;1472
247600604;CC de Londinières;2017;881
247600620;CC de la Région d'Yvetot;2017;1486
247600646;CC Caux - Austreberthe;2017;703
247600729;CC Falaises du Talou;2017;1508
247600786;CA de la Région Dieppoise;2017;1054
247700024;CC du Pays Fertois;2017;806
247700032;CC Moret Seine et Loing;2017;837
247700057;CA Melun Val de Seine;2017;1416
247700065;CC du Pays de l'Ourcq;2017;725
247700107;CC Pays de Montereau;2017;829
247700339;CA Val d'Europe;2017;307
247700438;CC Pays Créçois;2017;769
247700594;CA Marne et Gondoire;2017;960
247700644;CC l'Orée de la Brie;2017;531
247700701;CC Brie Nangissienne;2017;964
247800550;CC du Pays Houdanais (C.C.P.H.);2017;1230
247800584;CA Versailles Grand Parc (C.A.V.G.P.);2017;2786
247800618;CC Coeur d'Yvelines;2017;1365
247900798;CC du Thouarsais;2017;4533
248000499;CC du Val de Somme;2017;1346
248000531;CA Amiens Métropole;2017;3482
248000747;CC du Pays du Coquelicot;2017;2564
248100158;CC du Sor et de l'Agout;2017;2151
248100430;CA de Castres Mazamet;2017;3031
248100497;CC Val 81;2017;1435
248100737;CA de l'Albigeois (C2a);2017;4128
248100745;CC Haute Vallée du Thoré;2017;407
248200016;CC des Deux Rives;2017;2586
248200057;CC du Quercy Caussadais;2017;2830
248200065;CC de la Lomagne Tarn-et-Garonnaise;2017;1872
248200099;CA Grand Montauban;2017;5999
248200107;CC du Quercy Rouergue et des Gorges de l'Aveyron;2017;1254
248300394;CA Sud Sainte-Baume;2017;2368
248300410;CC de la Vallée du Gapeau;2017;1189
248300493;CA Dracénoise;2017;6653
248300543;CA Toulon Provence Méditerranée;2017;10379
248300550;CC Coeur du Var;2017;3430
248400053;CA Ventoux-Comtat-Venaissin (Cove);2017;10272
248400160;CC Aygues-Ouvèze en Provence (Ccaop);2017;2239
248400236;CC des Pays de Rhône et Ouvèze;2017;5074
248400251;CA du Grand Avignon (Coga);2017;10749
248400285;CC Territoriale Sud-Luberon;2017;2511
248400293;CC des Sorgues du Comtat;2017;3977
248400319;CC du Pays des Sorgues et des Monts de Vaucluse;2017;2483
248400335;CC Pays Vaison Ventoux (Copavo);2017;3169
248500191;CC de l'Ile de Noirmoutier;2017;1057
248500258;CC Océan Marais de Monts;2017;1254
248500340;CC Pays de Chantonnay;2017;2563
248500415;CC du Pays de la Châtaigneraie;2017;2826
248500464;CC du Pays de Pouzauges;2017;2867
248500530;CC du Pays des Achards;2017;1824
248500563;CC Vendée, Sèvre, Autise;2017;2158
248500589;CA La Roche-sur-Yon;2017;5852
248500621;CC du Pays des Herbiers;2017;2539
248500662;CC du Pays de Mortagne;2017;2264
248600413;CA du Pays Châtelleraudais;2017;4925
248600447;CC du Pays Loudunais;2017;4085
248700189;CC du Pays de Saint-Yrieix;2017;1780
248719262;CC Gartempe - Saint-Pardoux;2017;787
248719288;CC du Val de Vienne;2017;865
248719312;CA Limoges Métropole;2017;6172
248719338;CC Briance Combade;2017;886
248719353;CC des Portes de Vassivière;2017;889
248719361;CC de Noblat;2017;1430
248900334;CA du Grand Sénonais;2017;1882
248900383;CC de l'Agglomération Migennoise;2017;772
248900524;CC de l'Aillantais;2017;878
248900664;CC de la Vanne et du Pays d'Othe;2017;922
248900748;CC du Gâtinais en Bourgogne;2017;1057
248900896;CC Yonne Nord;2017;992
248900938;CC du Jovinien;2017;933
249000241;CC du Sud Territoire;2017;543
249100074;CC du Pays de Limours (Ccpl);2017;517
249100157;CC des Deux Vallées;2017;627
249100546;CC du Val d'Essonne (Ccve);2017;1043
249100553;CC Entre Juine et Renarde (Ccejr);2017;593
249100595;CC Le Dourdannais en Hurepoix (Ccdh);2017;589
249500109;CA de Cergy-Pontoise;2017;2026
249500430;CC Sausseron Impressionnistes;2017;497
249500455;CC de la Vallée de l'Oise et des Trois Forêts;2017;551
249500489;CC du Haut Val d'Oise;2017;409
249500513;CC du Vexin-Val de Seine;2017;629